<?xml version="1.0" encoding="UTF-8" ?>
<module>
    <name>manticore</name>
    <displayName><![CDATA[Manticore]]></displayName>
    <version><![CDATA[0.0.1]]></version>
    <description><![CDATA[Manticore]]></description>
    <author><![CDATA[Luc Michalski]]></author>
    <tab><![CDATA[others]]></tab>
	<confirmUninstall><![CDATA[Are you sure you want to uninstall this module ?]]></confirmUninstall>
    <is_configurable>1</is_configurable>
    <need_instance>1</need_instance>
	<limited_countries></limited_countries>
</module>